{
  "nodes": {
    "txt-to-epub#1": {
      "contentWidth": 529.0257613975191,
      "rfNode": {
        "position": {
          "x": 266.7366851663851,
          "y": -1279.8834668101683
        }
      }
    }
  }
}