{
  "nodes": {
    "txt-to-epub#1": {
      "contentWidth": 529.0257613975191,
      "rfNode": {
        "position": {
          "x": 572.6948543721915,
          "y": -1245.556452704151
        }
      }
    }
  }
}