{
  "nodes": {
    "txt-to-epub#1": {
      "rfNode": {
        "position": {
          "x": 579.9890859481584,
          "y": 171.28956343792638
        }
      }
    }
  },
  "pseudoNodes": {
    "input": {
      "rfNode": {
        "position": {
          "x": 0,
          "y": 85.5
        }
      }
    },
    "output": {
      "rfNode": {
        "position": {
          "x": 1119.4114913927249,
          "y": 171.28956343792638
        }
      }
    }
  }
}